"Name","Brand","Unit","Attribute 1","Attribute 2","Attribute 3"
"Acen Facial Set","(brand=O3+)","(unit=pcs)",,,
"Acne Control Serum","(brand=O3+)","(unit=pcs)","(attr=Seaweed)",,
"Acne Facial Parts","(brand=Unknown)","(unit=pcs)",,,
"Aerosol","(brand=Unknown)","(unit=pcs)",,,
"Agrbathi","(brand=Unknown)","(unit=box)",,,
"Air Freshener","(brand=Unknown)","(unit=pcs)",,,
"Almond Badam","(brand=Unknown)","(unit=kg)",,,
"Almond Oil","(brand=Aroma Magic)","(unit=pcs)",,,
"Alpona Tuli","(brand=Unknown)","(unit=dozn)",,,
"Alta","(brand=Unknown)","(unit=pcs)",,,
"Amla Powder","(brand=Unknown)","(unit=pkt)",,,
"Anti Pigment Ample","(brand=Aroma Magic)","(unit=pkt)",,,
"Antiseptic Cleanser","(brand=TNT)","(unit=pc)",,,
"Apron","(brand=Unknown)","(unit=pcs)","(attr=Black)","(attr=Staff)",
"Apron","(brand=Unknown)","(unit=pcs)","(attr=Black)","(attr=Customer)",
"Apron","(brand=Unknown)","(unit=pcs)","(attr=Purple)","(attr=Staff)",
"Apron","(brand=Unknown)","(unit=pcs)","(attr=Red)","(attr=Customer)",
"Apron","(brand=Unknown)","(unit=pcs)","(attr=Yellow)","(attr=Customer)",
"Apron","(brand=Unknown)","(unit=pcs)","(attr=Merron)","(attr=Customer)",
"Apron","(brand=Unknown)","(unit=pcs)","(attr=Dye)",,
"Apron","(brand=Unknown)","(unit=pcs)","(attr=Red)","(attr=Cleaner)",
"Apron","(brand=Unknown)","(unit=pcs)","(attr=Sabai)","(attr=Spa)",
"Apron","(brand=Unknown)","(unit=pcs)","(attr=Facial)","(attr=Customer)",
"Aroma Oil","(brand=Unknown)","(unit=pcs)",,,
"Astringent","(brand=Unknown)","(unit=pcs)",,,
"Axxium Soak off Gel Lacquer","(brand=O.P.I)","(unit=box)",,,
"Baby Savety Pin","(brand=Unknown)","(unit=pcs)",,,
"Bandage","(brand=Unknown)","(unit=Roll)",,,
"Base Make up","(brand=Kryolan)","(unit=pcs)",,,
"Base Make up","(brand=Aguacolor)","(unit=pcs)",,,
"Beni Pamp Lotion","(brand=Unknown)","(unit=pcs)",,,
"Beni Pum Salt","(brand=Unknown)","(unit=pcs)",,,
"Black Dye","(brand=Unknown)","(unit=box)",,,
"Bleach","(brand=Unknown)","(unit=pcs)",,,
"Bleach Brush","(brand=Unknown)","(unit=pcs)",,,
"Blender Mixer","(brand=Unknown)","(unit=??)",,,
"Blonder Powder","(brand=Unknown)","(unit=pcs)",,,
"Blonder Powder","(brand=Lotaji)","(unit=pcs)",,,
"Blush on","(brand=Unknown)","(unit=???)","(attr=Golden Rose)",,
"Blush on","(brand=Etude)","(unit=pcs)",,,
"Blush on","(brand=Jordana)","(unit=pcs)","(attr=Pink)",,
"Blush on","(brand=Olay)","(unit=pcs)",,,
"Blush on","(brand=Opra)","(unit=pcs)",,,
"Blush on","(brand=Max Touch)","(unit=pcs)",,,
"Blush on","(brand=Glamourous)","(unit=pcs)",,,
"Blush on","(brand=Decolor)","(unit=pcs)",,,
"Blush on","(brand=Europe_girl)","(unit=pcs)",,,
"Blush on","(brand=Jordana)","(unit=pcs)",,,
"Blush on","(brand=Jordana)","(unit=pcs)","(attr=Cocoa)",,
"Blush on  Brush","(brand=Unknown)","(unit=pcs)",,,
"Body Butter","(brand=Unknown)","(unit=pcs)",,,
"Body Lotion","(brand=Unknown)","(unit=pcs)","(attr=Honey)",,
"Body Massage Cream","(brand=Unknown)","(unit=pcs)",,,
"Body Massage Oil","(brand=Unknown)","(unit=pcs)",,,
"Body Oil","(brand=Jhonson)","(unit=pcs)",,,
"Body Scrub","(brand=Unknown)","(unit=pcs)",,,
"Box Plastic","(brand=Unknown)","(unit=pcs)",,,
"Bridal Kit","(brand=Unknown)","(unit=pcs)",,,
"Bronc Stick","(brand=Unknown)","(unit=pcs)",,,
"Brown Cloth (Pedicure/Pent)","(brand=Unknown)","(unit=yard)",,,
"Brush Machin","(brand=Unknown)","(unit=pcs)",,,
"Brush Machin Adaptar","(brand=Unknown)","(unit=pcs)",,,
"Bulb","(brand=Unknown)","(unit=???)","(attr=Normal)",,
"Bulb","(brand=Unknown)","(unit=???)","(attr=Energy)",,
"Calamine Powder","(brand=Unknown)","(unit=pcs)",,,
"Candle","(brand=Unknown)","(unit=???)",,,
"Caoleen Powder","(brand=Unknown)","(unit=pcs)",,,
"Cap","(brand=Unknown)","(unit=pkt)","(attr=1Time)",,
"Cap Color","(brand=Unknown)","(unit=pcs)",,,
"Cartin","(brand=Unknown)","(unit=??)",,,
"Castor Oil","(brand=Unknown)","(unit=pcs)",,,
"Chandan","(brand=Top Care)","(unit=pcs)",,,
"Chocolate Bar","(brand=Unknown)","((unit=kg)",,,
"Choping Boad","(brand=Unknown)","(unit=???)",,,
"Ciramic Half Plate","(brand=Unknown)","(unit=???)",,,
"Cleansing","(brand=Milk Beauty)","(unit=pcs)",,,
"Cleansing","(brand=Milk Therapy)","(unit=pcs)",,,
"Cleansing","(brand=Unknown)","(unit=pcs)","(attr=Alovera)",,
"Cleansing Gel","(brand=O3+)","(unit=pcs)",,,
"Cleansing Gel","(brand=O3+)","(unit=pcs)","(attr=Seaweed Purifying)",,
"Cleansing Gel","(brand=Sara)","(unit=pcs)","(attr=Gold)",,
"Cleansing Gel","(brand=Sara Silver)","(unit=pcs)",,,
"Cleansing Milk","(brand=Unknown)","(unit=pcs)",,,
"Cleansing Milk","(brand=Sara)","(unit=pcs)","(attr=Green Apple)",,
"Coffee","(brand=Unknown)","(unit=pkt)","(attr=Black)",,
"Coffee","(brand=Unknown)","(unit=pkt)","(attr=Premix)",,
"Cold and Hit Dryer","(brand=Unknown)","(unit=pcs)",,,
"Cold Wax","(brand=Unknown)","(unit=box)",,,
"Cold Wax","(brand=Unknown)","(unit=kg)","(attr=Liqued)",,
"Color","(brand=Unknown)","(unit=pcs)","(attr=Medium Brown)",,
"Color","(brand=Unknown)","(unit=pcs)","(attr=Burgundy)",,
"Color","(brand=Unknown)","(unit=pcs)","(attr=Mehoguny Copper)",,
"Color","(brand=Unknown)","(unit=pcs)","(attr=Light Mehoguny)",,
"Color","(brand=Unknown)","(unit=pcs)","(attr=Medium Chestnut)",,
"Color","(brand=Unknown)","(unit=pcs)","(attr=Light Warm Blonde)",,
"Color","(brand=Unknown)","(unit=pcs)","(attr=Autumn Gold Dark)",,
"Color","(brand=Unknown)","(unit=pcs)","(attr=Gold Blonde)",,
"Color","(brand=Unknown)","(unit=pcs)","(attr=Deep Burgundy)",,
"Color","(brand=Unknown)","(unit=pcs)","(attr=Dark Brown)",,
"Color","(brand=Unknown)","(unit=pcs)","(attr=Rosebuck Brown)",,
"Color","(brand=Unknown)","(unit=pcs)","(attr=Dark Mehoguny)",,
"Color","(brand=Unknown)","(unit=pcs)","(attr=Berina A23)",,
"Color","(brand=Unknown)","(unit=pcs)","(attr=1000)",,
"Color","(brand=Unknown)","(unit=pcs)","(attr=1001)",,
"Color","(brand=Unknown)","(unit=pcs)","(attr=9)",,
"Color","(brand=Unknown)","(unit=pcs)","(attr=9.00)",,
"Color","(brand=Unknown)","(unit=pcs)","(attr=9.1)",,
"Color","(brand=Unknown)","(unit=pcs)","(attr=9.2)",,
"Color","(brand=Unknown)","(unit=pcs)","(attr=9.3)",,
"Color","(brand=Unknown)","(unit=pcs)","(attr=9.32)",,
"Color","(brand=Unknown)","(unit=pcs)","(attr=8.00)",,
"Color","(brand=Unknown)","(unit=pcs)","(attr=8.1)",,
"Color","(brand=Unknown)","(unit=pcs)","(attr=8.3)",,
"Color","(brand=Unknown)","(unit=pcs)","(attr=8.4)",,
"Color","(brand=Unknown)","(unit=pcs)","(attr=8.32)",,
"Color","(brand=Unknown)","(unit=pcs)","(attr=8.34)",,
"Color","(brand=Unknown)","(unit=pcs)","(attr=8.45)",,
"Color","(brand=Unknown)","(unit=pcs)","(attr=8)",,
"Color","(brand=Unknown)","(unit=pcs)","(attr=8.52)",,
"Color","(brand=Unknown)","(unit=pcs)","(attr=8.66)",,
"Color","(brand=Unknown)","(unit=pcs)","(attr=7.00)",,
"Color","(brand=Unknown)","(unit=pcs)","(attr=7.2)",,
"Color","(brand=Unknown)","(unit=pcs)","(attr=7.3)",,
"Color","(brand=Unknown)","(unit=pcs)","(attr=7.32)",,
"Color","(brand=Unknown)","(unit=pcs)","(attr=7.43)",,
"Color","(brand=Unknown)","(unit=pcs)","(attr=7.44)",,
"Color","(brand=Unknown)","(unit=pcs)","(attr=7.46)",,
"Color","(brand=Unknown)","(unit=pcs)","(attr=7.54)",,
"Color","(brand=Unknown)","(unit=pcs)","(attr=7.66)",,
"Color","(brand=Unknown)","(unit=pcs)","(attr=6.00)",,
"Color","(brand=Unknown)","(unit=pcs)","(attr=6.1)",,
"Color","(brand=Unknown)","(unit=pcs)","(attr=6.3)",,
"Color","(brand=Unknown)","(unit=pcs)","(attr=6.4)",,
"Color","(brand=Unknown)","(unit=pcs)","(attr=6.03)",,
"Color","(brand=Unknown)","(unit=pcs)","(attr=6.5)",,
"Color","(brand=Unknown)","(unit=pcs)","(attr=6.6)",,
"Color","(brand=Unknown)","(unit=pcs)","(attr=6.46)",,
"Color","(brand=Unknown)","(unit=pcs)","(attr=6.64)",,
"Color","(brand=Unknown)","(unit=pcs)","(attr=6.67)",,
"Color","(brand=Unknown)","(unit=pcs)","(attr=5.3)",,
"Color","(brand=Unknown)","(unit=pcs)","(attr=5.4)",,
"Color","(brand=Unknown)","(unit=pcs)","(attr=5.5)",,
"Color","(brand=Unknown)","(unit=pcs)","(attr=5.6)",,
"Color","(brand=Unknown)","(unit=pcs)","(attr=5.7)",,
"Color","(brand=Unknown)","(unit=pcs)","(attr=5.35)",,
"Color","(brand=Unknown)","(unit=pcs)","(attr=5.53)",,
"Color","(brand=Unknown)","(unit=pcs)","(attr=5.67)",,
"Color","(brand=Unknown)","(unit=pcs)","(attr=4)",,
"Color","(brand=Unknown)","(unit=pcs)","(attr=4.3)",,
"Color","(brand=Unknown)","(unit=pcs)","(attr=4.6)",,
"Color","(brand=Unknown)","(unit=pcs)","(attr=4.7)",,
"Color","(brand=Unknown)","(unit=pcs)","(attr=4.45)",,
"Color","(brand=Unknown)","(unit=pcs)","(attr=4.56)",,
"Color","(brand=Unknown)","(unit=pcs)","(attr=0/99)",,
"Color","(brand=Unknown)","(unit=pcs)","(attr=0/66)",,
"Color","(brand=Unknown)","(unit=pcs)","(attr=0/33)",,
"Color","(brand=Unknown)","(unit=pcs)","(attr=0/11)",,
"Color","(brand=Unknown)","(unit=pcs)","(attr=0/10)",,
"Color","(brand=Unknown)","(unit=pcs)","(attr=1)",,
"Color","(brand=Unknown)","(unit=pcs)","(attr=7_40)",,
"Color","(brand=Unknown)","(unit=pcs)","(attr=4)",,
"Color","(brand=Unknown)","(unit=pcs)","(attr=4_45)",,
"Color","(brand=Unknown)","(unit=pcs)","(attr=9_03)",,
"Color","(brand=Unknown)","(unit=pcs)","(attr=10/1)",,
"Color","(brand=Unknown)","(unit=pcs)","(attr=12/11)",,
"Color","(brand=Unknown)","(unit=pcs)","(attr=900s)",,
"Color","(brand=Unknown)","(unit=pcs)","(attr=7_3)",,
"Color","(brand=Unknown)","(unit=pcs)","(attr=8_3)",,
"Color","(brand=Unknown)","(unit=pcs)","(attr=8_1)",,
"Color","(brand=Unknown)","(unit=pcs)","(attr=3.76)",,
"Color","(brand=Unknown)","(unit=pcs)","(attr=2000)",,
"Color","(brand=Unknown)","(unit=pcs)","(attr=4_20)",,
"Color","(brand=Unknown)","(unit=pcs)","(attr=0/88)",,
"Color","(brand=Unknown)","(unit=pcs)","(attr=0/28)",,
"Color","(brand=Unknown)","(unit=pcs)","(attr=j5)","(attr=Pink)",
"Color","(brand=Unknown)","(unit=pcs)","(attr=12)","(attr=Rich Pink)",
"Color","(brand=Dcash)","(unit=pcs)","(attr=201)",,
"Color","(brand=Dcash)","(unit=pcs)","(attr=202)",,
"Color","(brand=Dcash)","(unit=pcs)","(attr=206)",,
"Color","(brand=Dcash)","(unit=pcs)","(attr=303)",,
"Color","(brand=Dcash)","(unit=pcs)","(attr=333)",,
"Color","(brand=Dcash)","(unit=pcs)","(attr=101)",,
"Color","(brand=Dcash)","(unit=pcs)","(attr=401)",,
"Color","(brand=Dcash)","(unit=pcs)","(attr=403)",,
"Color","(brand=Dcash)","(unit=pcs)","(attr=404)",,
"Color","(brand=Dcash)","(unit=pcs)","(attr=503)",,
"Color","(brand=Dcash)","(unit=pcs)","(attr=504)",,
"Color","(brand=Dcash)","(unit=pcs)","(attr=711)",,
"Color","(brand=Dcash)","(unit=pcs)","(attr=777)",,
"Color","(brand=Dcash)","(unit=pcs)","(attr=802)",,
"Color","(brand=Dcash)","(unit=pcs)","(attr=888/5)",,
"Color","(brand=Dcash)","(unit=pcs)","(attr=909)",,
"Color","(brand=Dcash)","(unit=pcs)","(attr=911)",,
"Color","(brand=Dcash)","(unit=pcs)","(attr=933)",,
"Color","(brand=Dcash)","(unit=pcs)","(attr=980)",,
"Color","(brand=Dcash)","(unit=pcs)","(attr=1490)",,
"Color","(brand=Dcash)","(unit=pcs)","(attr=Red)",,
"Color","(brand=Dcash)","(unit=pcs)","(attr=920)",,
"Color","(brand=Kolestone)","(unit=pcs)","(attr=12/89)",,
"Color","(brand=Kolestone)","(unit=pcs)","(attr=0/22)",,
"Color","(brand=Kolestone)","(unit=pcs)","(attr=0/11)",,
"Color","(brand=Kolestone)","(unit=pcs)","(attr=0/65)",,
"Color","(brand=Kolestone)","(unit=pcs)","(attr=55/66)",,
"Color","(brand=Kolestone)","(unit=pcs)","(attr=99)",,
"Color","(brand=Unknown)","(unit=pcs)","(attr=Maziaral Copper)",,
"Color","(brand=Unknown)","(unit=pcs)","(attr=Majilift)","(attr=12.7)",
"Color","(brand=Unknown)","(unit=pcs)","(attr=Platinum)","(attr=10.117)",
"Color","(brand=Unknown)","(unit=pcs)","(attr=Extra light)","(attr=10.7)",
"Color","(brand=Unknown)","(unit=Bottle)","(attr=Red)",,
"Color","(brand=Unknown)","(unit=Bottle)","(attr=Blue)",,
"Color","(brand=Unknown)","(unit=Bottle)","(attr=Meganta)",,
"Color","(brand=Voila Cream)","(unit=pcs)","(attr=7.8)",,
"Color","(brand=Voila Cream)","(unit=pcs)","(attr=6.8)",,
"Color","(brand=Voila Cream)","(unit=pcs)","(attr=6.66)",,
"Color","(brand=Igora)","(unit=pcs)","(attr=4_68)",,
"Color","(brand=Kolestone)","(unit=pcs)","(attr=0/28)",,
"Color","(brand=Unknown)","(unit=pcs)","(attr=9.43)",,
"Color","(brand=Unknown)","(unit=pcs)","(attr=1032)",,
"Color","(brand=Unknown)","(unit=pcs)","(attr=4.76)",,
"Color","(brand=Kolestone)","(unit=pcs)","(attr=0/88)",,
"Color","(brand=Igora)","(unit=pcs)","(attr=0_88)",,
"Color","(brand=Igora)","(unit=pcs)","(attr=0_33)",,
"Color","(brand=Igora)","(unit=pcs)","(attr=91/2_1)",,
"Color","(brand=Igora)","(unit=pcs)","(attr=100/88)",,
"Color","(brand=Evolution)","(unit=pcs)","(attr=8.1)",,
"Color","(brand=Unknown)","(unit=pcs)","(attr=6.53)",,
"Color","(brand=Unknown)","(unit=pcs)","(attr=6)",,
"Color","(brand=Loreal)","(unit=???)","(attr=Majirul)","(attr=4.51)",
"Color","(brand=Loreal)","(unit=???)","(attr=Majirul)","(attr=4.30)",
"Color","(brand=Loreal)","(unit=???)","(attr=Majirul)","(attr=5)",
"Color","(brand=Loreal)","(unit=???)","(attr=Majirul)","(attr=5.30)",
"Color","(brand=Loreal)","(unit=???)","(attr=Majirul)","(attr=5.62)",
"Color","(brand=Loreal)","(unit=???)","(attr=Majirul)","(attr=6.30)",
"Color","(brand=Loreal)","(unit=???)","(attr=Majirul)","(attr=6.62)",
"Color","(brand=Loreal)","(unit=???)","(attr=Majirul)","(attr=7.30)",
"Color","(brand=Loreal)","(unit=???)","(attr=Majirul)","(attr=8.30)",
"Color","(brand=Loreal)","(unit=???)","(attr=Majirul)","(attr=12.10)",
"Color","(brand=Loreal)","(unit=???)","(attr=Majirul)","(attr=8)",
"Color","(brand=Loreal)","(unit=???)","(attr=Majirul)","(attr=4.26)",
"Color","(brand=Loreal)","(unit=???)","(attr=Majirul)","(attr=6)",
"Color","(brand=Loreal)","(unit=???)","(attr=Majirul)","(attr=4)",
"Color","(brand=Loreal)","(unit=???)","(attr=Majirul)","(attr=Blue)",
"Color","(brand=Loreal)","(unit=???)","(attr=Majirul)","(attr=Vert)",
"Color","(brand=Loreal)","(unit=???)","(attr=Majirul)","(attr=Violet)",
"Color","(brand=Unknown)","(unit=???)","(attr=Majirul)","(attr=4.53)",
"Color","(brand=Unknown)","(unit=???)","(attr=Majirul)","(attr=5)",
"Color","(brand=Unknown)","(unit=???)","(attr=Majirul)","(attr=3)",
"Color","(brand=Unknown)","(unit=???)","(attr=Majirul)","(attr=1)",
"Color","(brand=Unknown)","(unit=???)","(attr=Majirul)","(attr=7.35)",
"Color & Smooth","(brand=Dcash)","(unit=pcs)",,,
"Color Applying","(brand=Baty)","(unit=pcs)",,,
"Color Applying Brush","(brand=Unknown)","(unit=pcs)",,,
"Color Bati","(brand=Unknown)","(unit=pcs)","(attr=Multicolor)",,
"Color Holder","(brand=Unknown)","(unit=pcs)",,,
"Color Protect Daily Treatment","(brand=Keratin Ultimate)","(unit=???)",,,
"Color Spray","(brand=Unknown)","(unit=pcs)",,,
"Color Tray","(brand=Unknown)","(unit=pcs)",,,
"Comb","(brand=Unknown)","(unit=pcs)",,,
"Comb","(brand=Unknown)","(unit=pcs)","(size=big)",,
"Comb","(brand=Unknown)","(unit=pcs)","(attr=Brush)",,
"Conditionar","(brand=Unknown)","(unit=pcs)",,,
"Conditionar","(brand=Unknown)","(unit=pcs)",,,
"Conditioner","(brand=Unknown)","(unit=pcs)","(attr=After)","(attr=gold)",
"Cosmatic body Mould Mask","(brand=Unknown)","(unit=pcs)",,,
"Cosmatic V.C. Mineral Line body Mould Mask","(brand=Unknown)","(unit=pcs)",,,
"Cotton","(brand=Unknown)","(unit=pcs)",,,
"Cream Bath","(brand=Hair Spa)","(unit=box)","(attr=Nourising)","(attr=dry)",
"Cream Bath","(brand=Hair Spa)","(unit=box)","(attr=Vitalising)","(attr=nor)",
"Cup","(brand=Unknown)","(unit=???)",,,
"Cup Set","(brand=Unknown)","(unit=???)",,,
"Cuticale Oil","(brand=TNT)","(unit=pcs)",,,
"Darma Barsion","(brand=O3+)","(unit=box)",,,
"Developer","(brand=Loreal)","(unit=???)","(attr=20Vol)",,
"Developer","(brand=Loreal)","(unit=???)","(attr=40Vol)",,
"Ear Pin","(brand=Unknown)","(unit=pain)",,,
"Egg Protein","(brand=Caring)","(unit=pcs)",,,
"Electric Kettly","(brand=Unknown)","(unit=??)",,,
"Eucaliptus Oil","(brand=Aroma Magic)","(unit=pcs)",,,
"Eye Brow Pencil","(brand=Unknown)","(unit=pcs)",,,
"Eye Gel","(brand=Unknown)","(unit=pcs)",,,
"Eye Gletter","(brand=Unknown)","(unit=pcs)",,,
"Eye Lash","(brand=Unknown)","(unit=box)",,,
"Eye Lash","(brand=Unknown)","(unit=pcs)","(attr=kidly)",,
"Eye Lash","(brand=Unknown)","(unit=pcs)","(attr=Curler)",,
"Eye Lash","(brand=Unknown)","(unit=pcs)","(attr=gum)",,
"Eye Liner","(brand=Unknown)","(unit=pcs)",,,
"Eye Shadow","(brand=Unknown)","(unit=pcs)",,,
"Eye Shadow","(brand=Unknown)","(unit=pcs)","(size=big)",,
"Eye shadow brush","(brand=Unknown)","(unit=pkt)",,,
"Face Powder","(brand=Unknown)","(unit=pcs)",,,
"Face Tissue","(brand=Unknown)","(unit=pkt)","(attr=1Time)",,
"Face Towel","(brand=Unknown)","(unit=??)",,,
"Face Wash","(brand=Unknown)","(unit=pcs)",,,
"Facial Gel","(brand=Unknown)","(unit=pcs)",,,
"Facial Hair Band","(brand=Unknown)","(unit=pcs)",,,
"Facial Kit","(brand=Pearl)","(unit=pcs)",,,
"Facial Kit","(brand=Unknown)","(unit=pcs)","(attr=Mango)",,
"Facial kit","(brand=Unknown)","(unit=pcs)","(attr=Fruite)",,
"Facial Mask","(brand=Pore Purifying)","(unit=pcs)",,,
"Facial Mask","(brand=Mond Sub)","(unit=pcs)","(attr=Sub","Moisturising)",
"Facial Mask","(brand=Unknown)","(unit=pcs)","(size=Medium)",,
"Facial Paraffin","(brand=Unknown)","(unit=pcs)",,,
"Facial Puff","(brand=mazic)","(unit=pcs)",,,
"Facial Steam Machin","(brand=Unknown)","(unit=pcs)",,,
"Facial Tissue","(brand=Unknown)","(unit=box)",,,
"Facial Tray","(brand=Unknown)","(unit=pcs)",,,
"Fair Polish Brush","(brand=Jhonson)","(unit=pcs)",,,
"False Hair","(brand=Unknown)","(unit=pcs)",,,
"False High","(brand=Unknown)","(unit=pcs)","(attr=Light)",,
"Fashion 90","(brand=Unknown)","(unit=box)",,,
"Febric","(brand=Unknown)","(unit=pcs)",,,
"Floor Cleaner","(brand=Unknown)","(unit=???)",,,
"Foil Paper","(brand=Unknown)","(unit=pcs)","(attr=White)",,
"Foil Paper","(brand=Unknown)","(unit=pcs)","(attr=Color)",,
"Foot Spa Machin P/H","(brand=Unknown)","(unit=pcs)",,,
"Foot Spa Set","(brand=O.P.I)","(unit=pcs)",,,
"Foot Spa Soack","(brand=Unknown)","(unit=pcs)","(attr=Plastic)",,
"Galvanic Machin","(brand=Unknown)","(unit=pcs)",,,
"Gel","(brand=Milk Beauty)","(unit=pcs)",,,
"Gel Nail Buffer","(brand=Unknown)","(unit=pcs)",,,
"Gel Nail File","(brand=Unknown)","(unit=pcs)",,,
"Gel Nail Remover","(brand=Unknown)","(unit=bottle)",,,
"Gel Nail Shiner","(brand=Unknown)","(unit=pcs)",,,
"Glass","(brand=Unknown)","(unit=???)",,,
"Glass","(brand=Unknown)","(unit=pcs)","(attr=1Time)",,
"Glass Bowl","(brand=Unknown)","(unit=???)","(size=small)",,
"Glass Bowl","(brand=Unknown)","(unit=??)","(size=small)","(attr=Plane)",
"Glass Cleaner","(brand=Unknown)","(unit=pcs)",,,
"Gletter","(brand=Unknown)","(unit=pcs)","(attr=Gloden)",,
"Gletter","(brand=Unknown)","(unit=pcs)","(attr=Silver)",,
"Gold Facial Kit","(brand=Unknown)","(unit=pcs)",,,
"Hair Damaged","(brand=Keratin)","(unit=???)","(attr=From Heat&Blow Dry)",,
"Hair Damaged ","(brand=Keratin)","(unit=???)","(attr=From Color)",,
"Hair Damaged ","(brand=Keratin)","(unit=???)","(attr=From Straightening)",,
"Hair Dryer","(brand=Unknown)","(unit=pcs)",,,
"Hair Duster","(brand=Unknown)","(unit=pcs)",,,
"Hair Duster","(brand=Unknown)","(unit=pcs)",,,
"Hair Extention","(brand=Unknown)","(unit=pcs)","(attr=Stick Pipe)",,
"Hair Extention","(brand=Unknown)","(unit=pcs)","(attr=Gum)",,
"Hair Extention Machin","(brand=Unknown)","(unit=pcs)",,,
"Hair Extention Stick","(brand=Unknown)","(unit=pcs)",,,
"Hair Gel","(brand=Unknown)","(unit=pcs)",,,
"Hair Gel Spray","(brand=Dcash)","(unit=pcs)",,,
"Hair Gletter","(brand=Unknown)","(unit=pcs)",,,
"Hair Spa","(brand=Unknown)","(unit=pcs)","(attr=Caring)",,
"Hair Speray","(brand=Unknown)","(unit=pcs)","(attr=Soft)",,
"Hair Sprary Conditionar","(brand=Leavon)","(unit=pcs)",,,
"Hair Steam Machin","(brand=Unknown)","(unit=pcs)",,,
"Hair Straightner Dryer","(brand=Unknown)","(unit=pcs)",,,
"Hair Tonic","(brand=Unknown)","(unit=pcs)",,,
"Hand & Foot Scrub","(brand=Meena)","(unit=kg)",,,
"Hand Gloves","(brand=Unknown)","(unit=pkt)","(attr=1Time)",,
"Hand Gloves","(brand=Unknown)","(unit=box)","(attr=Plastic)",,
"Hand Gloves","(brand=Unknown)","(unit=pcs)","(attr=wool)",,
"Hand Mirror","(brand=Unknown)","(unit=pcs)",,,
"Hand Wash","(brand=Unknown)","(unit=pcs)",,,
"Hand Wash","(brand=Unknown)","(unit=pcs)","(attr=Push)",,
"Hard Speray","(brand=Unknown)","(unit=pcs)",,,
"Hena Clip","(brand=Unknown)","(unit=Box)",,,
"Hena Powder","(brand=Unknown)","(unit=pkt)",,,
"Henna Rebonding","(brand=Unknown)","(unit=pair)",,,
"High Energy Spa Blance","(brand=O'Trail)","(unit=pcs)",,,
"High Protein Nourish","(brand=O'Trail)","(unit=pcs)",,,
"Honey","(brand=Unknown)","(unit=kg)",,,
"Hydreting concernted","(brand=Hair Spa)","(unit=box)",,,
"Hydrogen Water","(brand=Unknown)","(unit=box)",,,
"Hyper Cream","(brand=Dcash)","(unit=pcs)","(attr=12%)",,
"Hyper Cream","(brand=Dcash)","(unit=pcs)","(attr=9%)",,
"Hyper Cream","(brand=Dcash)","(unit=pcs)","(attr=6%)",,
"Ice Scissere","(brand=Unknown)","(unit=pcs)",,,
"Iron Machin","(brand=Unknown)","(unit=pcs)",,,
"Iron Machin","(brand=Unknown)","(unit=??)",,,
"Isabella Cream","(brand=Unknown)","(unit=pcs)",,,
"Isabella Scrub","(brand=Unknown)","(unit=pcs)",,,
"Jaifoll","(brand=Unknown)","(unit=kg)",,,
"Jar With Cover","(brand=Unknown)","(unit=??)",,,
"Jesocaine Gel","(brand=Unknown)","(unit=pcs)",,,
"Jojoba Hot Oil Theatment","(brand=Unknown)","(unit=pcs)",,,
"Kajol","(brand=Unknown)","(unit=pcs)","(attr=Black)",,
"Kajol","(brand=Unknown)","(unit=pcs)","(attr=White)",,
"Kalima","(brand=Unknown)","(unit=??)",,,
"Kata Clip","(brand=Unknown)","(unit=box)",,,
"kata Clip","(brand=Unknown)","(unit=box)","(size=small)",,
"Knife","(brand=Unknown)","(unit=?)",,,
"Kushion","(brand=Unknown)","(unit=???)",,,
"Lackto Calamine","(brand=Unknown)","(unit=pcs)",,,
"Lacto Tan Clear","(brand=Unknown)","(unit=pcs)",,,
"Lavender Oil","(brand=Aroma Magic)","(unit=pcs)",,,
"Lecar Gallon","(brand=Unknown)","(unit=???)",,,
"Lemon Powder","(brand=Chaka)","(unit=kg)",,,
"Lemon Powder","(brand=Wheel)","(unit=kg)",,,
"Lip Glose","(brand=Unknown)","(unit=pcs)",,,
"Lip liner","(brand=Unknown)","(unit=pcs)",,,
"Lip Stick","(brand=Unknown)","(unit=pcs)",,,
"Lip Stick","(brand=Unknown)","(unit=???)","(attr=Golden Rose)",,
"Livon","(brand=Unknown)","(unit=pcs)",,,
"Losse Powder","(brand=Unknown)","(unit=pcs)",,,
"Lotion","(brand=Jhonson)","(unit=pcs)",,,
"M.P Bag","(brand=Unknown)","(unit=??)",,,
"Make Up Brush Set Bag","(brand=Unknown)","(unit=pcs)",,,
"Make up Thing","(brand=Unknown)","(unit=pcs)","(attr=CircleShape)",,
"Make Up Thing","(brand=Unknown)","(unit=pcs)","(attr=Oval","Shap)",
"Malamine Bati","(brand=Unknown)","(unit=??)",,,
"Malamine Bowl","(brand=Unknown)","(unit=???)","(size=big)",,
"Malamine Bowl","(brand=Unknown)","(unit=???)","(size=small)",,
"Malamine Bowl","(brand=Unknown)","(unit=???)","(size=soup)",,
"Malamine Saucer","(brand=Unknown)","(unit=???)","(size=big)",,
"Malamine Saucer","(brand=Unknown)","(unit=???)","(size=small)",,
"Malamine Saucer","(brand=Unknown)","(unit=???)","(size=Square)",,
"Malamine Tray","(brand=Unknown)","(unit=???)",,,
"Malamine Tray","(brand=Unknown)","(unit=??)","(size=small)",,
"Manicure Bowl","(brand=Unknown)","(unit=pcs)","(attr=Finger)",,
"Manicure Brush","(brand=Unknown)","(unit=pcs)",,,
"Mascara","(brand=Unknown)","(unit=pcs)",,,
"Mask","(brand=Unknown)","(unit=pkt)","(attr=Tomato)",,
"Mask","(brand=Unknown)","(unit=pkt)","(attr=Karolla)",,
"Mask","(brand=Unknown)","(unit=pkt)","(attr=Thermoherb)",,
"Mask","(brand=Unknown)","(unit=pcs)","(attr=Peel Off)",,
"Mask","(brand=Harbi)","(unit=pcs)","(attr=Butter)",,
"Mask","(brand=Biotique)","(unit=pcs)","(attr=Fruite)",,
"Mask","(brand=Unknown)","(unit=pkt)","(attr=Cristal)","(attr=Whitening)",
"Mask","(brand=Sara)","(unit=pcs)","(attr=Green Apple)",,
"Mask","(brand=Mond Sub)","(unit=pcs)","(attr=Whitening)",,
"Mask","(brand=Unknown)","(unit=pcs)","(attr=Vegetable)",,
"Mask","(brand=Unknown)","(unit=pcs)","(attr=Fruits)",,
"Mask","(brand=Unknown)","(unit=pkt)","(attr=Alovera)",,
"Mask C","(brand=Unknown)","(unit=pcs)","(attr=L V:)","(attr=Whitening)",
"Mask C","(brand=O3+)","(unit=pcs)","(attr=Whitening)",,
"Massage Cream","(brand=Unknown)","(unit=pcs)",,,
"Massage Cream","(brand=Milk Beauty)","(unit=pcs)",,,
"Massage Cream","(brand=Harbi)","(unit=pcs)","(attr=Butter)",,
"Massage Cream","(brand=Herbi)","(unit=pcs)","(attr=Whitening)",,
"Massage Cream","(brand=Biotique)","(unit=???)",,,
"Massage Cream","(brand=Sara)","(unit=pcs)","(attr=Green Apple)",,
"Massage Cream","(brand=Sara)","(unit=pcs)","(attr=Shea Buttre)",,
"Massage Cream","(brand=Unknown)","(unit=pcs)","(attr=Spa)",,
"Massage Cream","(brand=Milk Therapy)","(unit=pcs)",,,
"Massage Cream","(brand=Unknown)","(unit=pcs)","(attr=Orange)",,
"Massage Cream","(brand=Berbi Whitening)","(unit=pcs)",,,
"Massage Cream","(brand=Ayur)","(unit=pcs)",,,
"Massage Cream","(brand=Unknown)","(unit=pcs)","(attr=Alovera)",,
"Massage Cream C","(brand=O3+)","(unit=???)","(attr=Whitening)",,
"Massage Gel","(brand=Sara)","(unit=pcs)","(attr=Gold)","(attr=Gold foil)",
"Massage Gel","(brand=Sara)","(unit=pcs)","(attr=Gold)","(attr=Silk Silven)",
"Massage Gel","(brand=Sara Silver)","(unit=pcs)","(attr=Silver Foil)",,
"Masten Bleaching Powder","(brand=Dcash)","(unit=pcs)",,,
"Master Vol 40","(brand=Dcash)","(unit=box)",,,
"Match","(brand=Unknown)","(unit=Dozn)",,,
"Matir Jhama","(brand=Unknown)","(unit=pcs)",,,
"Mehadi","(brand=Unknown)","(unit=pcs)","(attr=Kone)",,
"Mehadi","(brand=Unknown)","(unit=pcs)","(attr=Tube)",,
"Mehadi Kone(Without Mehadi)","(brand=Unknown)","(unit=???)",,,
"Methi Powder","(brand=Unknown)","(unit=pkt)",,,
"Milk Cream","(brand=Unknown)","(unit=pcs)","(attr=Foot)","(attr=Whitening)",
"Milk Powder","(brand=Unknown)","(unit=pkt)",,,
"Milk Rebonding","(brand=Unknown)","(unit=???)",,,
"Minarel Spa","(brand=Unknown)","(unit=pcs)",,,
"Mini Fan","(brand=Unknown)","(unit=pcs)",,,
"Mini Soap","(brand=Unknown)","(unit=pcs)",,,
"Mint Body Scrub","(brand=Unknown)","(unit=kg)",,,
"Mint Gel","(brand=Sara)","(unit=pcs)",,,
"Moisturiser Lotion","(brand=Unknown)","(unit=pcs)",,,
"Moisturist","(brand=Xtenso Care)","(unit=???)","(arrr=Normal Resistant)",,
"Moisturist","(brand=Xtenso Care)","(unit=???)","(arrr=Very Resistant)",,
"Mousse","(brand=Unknown)","(unit=pcs)",,,
"Moving Mousse","(brand=Dcash)","(unit=pcs)",,,
"Multani Mati","(brand=Unknown)","(unit=pcs)",,,
"Multi Plugh","(brand=Unknown)","(unit=pcs)","(size=big)",,
"Multi Plugh","(brand=Unknown)","(unit=pcs)","(size=small)",,
"Nail Art Brush","(brand=Unknown)","(unit=pcs)",,,
"Nail Box","(brand=Unknown)","(unit=???)","(size=big)",,
"Nail Box","(brand=Unknown)","(unit=???)","(size=small)",,
"Nail Buffer","(brand=Unknown)","(unit=pcs)","(attr=Hard)",,
"Nail Buffer","(brand=Unknown)","(unit=pcs)","(attr=Soft)",,
"Nail Buffing Cream","(brand=Unknown)","(unit=pcs)",,,
"Nail Clipper","(brand=Unknown)","(unit=pcs)",,,
"Nail Cuticale","(brand=Unknown)","(unit=pcs)",,,
"Nail Cutter","(brand=Unknown)","(unit=pcs)",,,
"Nail False","(brand=Unknown)","(unit=pkt)",,,
"Nail File","(brand=Unknown)","(unit=pcs)","(attr=Steel)",,
"Nail Foam","(brand=Unknown)","(unit=pcs)",,,
"Nail For Foot Spa","(brand=Unknown)","(unit=pcs)",,,
"Nail Gel","(brand=Unknown)","(unit=pcs)",,,
"Nail Gel","(brand=Unknown)","(unit=pcs)","(attr=pink)",,
"Nail Gel","(brand=Unknown)","unit=pcs","(attr=white)",,
"Nail Gel","(brand=Unknown)","(unit=pcs)","(attr=glitter)",,
"Nail Glue","(brand=Unknown)","(unit=pcs)",,,
"Nail Glue","(brand=Unknown)","(size=small)","(unit=pcs)",,
"Nail Polish","(brand=Super)","(unit=pcs)",,,
"Nail Polish","(brand=Jordana)","(unit=pcs)",,,
"Nail Polish","(brand=Jacklin)","(unit=pcs)",,,
"Nail Polish","(brand=Ravlon)","(unit=pcs)",,,
"Nail Polish","(brand=Lakme)","(unit=pcs)",,,
"Nail Polish","(brand=Others)","(unit=pcs)",,,
"Nail Polish","(brand=Others)","(unit=???)","(attr=Medium)",,
"Nail Polish","(brand=O.P.I)","(unit=pcs)",,,
"Nail Polish","(brand=Personi)","(unit=pcs)",,,
"Nail Pusher","(brand=Unknown)","(unit=pcs)",,,
"Nail Pusher","(brand=Unknown)","(unit=pcs)","(attr=Black Stick)",,
"Nail Shiner","(brand=Unknown)","(unit=pcs)",,,
"Naphthalene","(brand=Unknown)","(unit=pkt)",,,
"Neck Shutter","(brand=Unknown)","(unit=pcs)",,,
"Neem Powder","(brand=Unknown)","(unit=pkt)",,,
"Neem Powder","(brand=Shivani)","(unit=pcs)",,,
"Nevyblue Cloth for G cleaner","(brand=Unknown)","(unit=yard)",,,
"Nourising Gel","(brand=Sara)","(unit=pcs)",,,
"Nutritive & Reunit pair","(brand=Dcash)","(unit=pcs)",,,
"Odonil","(brand=Unknown)","(unit=pcs)",,,
"Olive Oil","(brand=Unknown)","(unit=pcs)",,,
"Olive Oil Hot Oil Treatment","(brand=Unknown)","(unit=pcs)",,,
"Orange Facial Kit","(brand=Unknown)","(unit=pcs)",,,
"Orange Oil 1","(brand=Aroma Magic)","(unit=pcs)",,,
"Orna Executive","(brand=Unknown)","(unit=???)",,,
"Ozan Comb","(brand=Unknown)","(unit=pcs)",,,
"Ozan Machin","(brand=Unknown)","(unit=pcs)",,,
"Pan cake","(brand=Unknown)","(unit=pcs)","(attr=21)",,
"Pan cake","(brand=Unknown)","(unit=pcs)","(attr=22)",,
"Pan cake","(brand=Unknown)","(unit=pcs)","(attr=23)",,
"Pan Cake","(brand=Unknown)","(unit=pcs)","(attr=26)",,
"Pan cake","(brand=Unknown)","(unit=pcs)","(attr=25)",,
"Pan Cake","(brand=Unknown)","(unit=pcs)","(attr=27)",,
"Pan Cake","(brand=Unknown)","(unit=pcs)","(attr=28)",,
"Pan Cake","(brand=Unknown)","(unit=pcs)","(attr=29)",,
"Pan Cake","(brand=Unknown)","(unit=pcs)","(attr=30)",,
"Pan Cake","(brand=Unknown)","(unit=pcs)","(attr=Yellow)",,
"Pan Cake","(brand=Unknown)","(unit=pcs)","(attr=White)",,
"Pan Cake","(brand=Unknown)","(unit=pcs)","(attr=Dark)",,
"Panti","(brand=Unknown)","(unit=pkt)","(attr=1Time)",,
"Papush","(brand=Unknown)","(unit=??)",,,
"Paraffin","(brand=Unknown)","(unit=pcs)","(attr=Foot)",,
"Paraffin SPA","(brand=Unknown)","(unit=pcs)",,,
"Pedicure Blade","(brand=Unknown)","(unit=pkt)",,,
"Pedicure Brush","(brand=Unknown)","(unit=pcs)",,,
"Pedicure Machin","(brand=Unknown)","(unit=pcs)",,,
"Pedicure Pant","(brand=Unknown)","(unit=pcs)",,,
"Pedicure Razer","(brand=Unknown)","(unit=pcs)",,,
"Pedicure Solt","(brand=Unknown)","(unit=pcs)",,,
"Pedicure Stone","(brand=Unknown)","(unit=pcs)",,,
"Peedicure","(brand=O.P.I)","(unit=box)",,,
"Peel of Mask","(brand=Sara)","(unit=pcs)","(attr=Gold)",,
"Pigment Facial Set","(brand=O3+)","(unit=pcs)",,,
"Pillo Cover","(brand=Unknown)","(unit=??)",,,
"Plastic Bowl","(brand=Unknown)","(unit=???)","(size=medium)",,
"Plastic Bowl","(brand=Unknown)","(unit=??)","(size=big)","(attr=Facial)",
"Plastic Bowl","(brand=Unknown)","(unit=??)","(attr=Facial)","(size=small)",
"Potuli","(brand=Sabai Spa)","(unit=pcs)","(size=big)",,
"Pre Treatment","(brand=Xtenso)","(unit=???)",,,
"Premium Gel","(brand=TNT)","(unit=pcs)",,,
"Protection & Volume","(brand=Dcash)","(unit=pcs)",,,
"Protein","(brand=Unknown)","(unit=pcs)",,,
"Puff","(brand=Unknown)","(unit=pcs)","(attr=Dim)",,
"Punch Clip","(brand=Unknown)","(unit=pcs)",,,
"Purifying M:","(brand=O3+)","(unit=pcs)","(attr=Seaweed)",,
"Rabber Band","(brand=Unknown)","(unit=pkt)",,,
"Razer","(brand=Unknown)","(unit=pcs)",,,
"Ready Tea","(brand=Unknown)","(unit=??)",,,
"Rebonding Cream","(brand=Unknown)","(unit=pair)",,,
"Rebonding Serum","(brand=Unknown)","(unit=pcs)",,,
"Red Cloth (G U cleaner)","(brand=Unknown)","(unit=?)",,,
"Remover","(brand=Unknown)","(unit=pcs)",,,
"Remover Container","(brand=Unknown)","(unit=pcs)",,,
"Reunited & Pair Antidamage Treatment ","(brand=Keratin Ultimate)","(unit=???)",,,
"Reunited & pair Conditioner","(brand=Keratin Ultimate)","(unit=???)",,,
"Reunited & pair Shampoo","(brand=Keratin Ultimate)","(unit=???)",,,
"Rice Cocker","(brand=Unknown)","(unit=??)",,,
"Roller Brush","(brand=Unknown)","(unit=pcs)","(size=big)",,
"Roller Brush","(brand=Unknown)","(unit=pcs)","(size=medium)",,
"Roller Brush","(brand=Unknown)","(unit=pcs)","(size=small)",,
"Rose Shower","(brand=Unknown)","(unit=pcs)",,,
"Rose Water","(brand=Unknown)","(unit=pcs)",,,
"Round Tip","(brand=Unknown)","(unit=dozn/pata)",,,
"Safety Pin","(brand=Unknown)","(unit=Box)","(size=big)",,
"Safety Pin","(brand=Unknown)","(unit=Box)","(size=normal)",,
"Salun Artist Hair Wax","(brand=Dcash)","(unit=pcs)",,,
"Sandal Wood Oil","(brand=Aroma Magic)","(unit=???)",,,
"Sandle","(brand=Unknown)","(unit=pair)","(attr=Spa)",,
"Saree Cleaner","(brand=Unknown)","(unit=???)",,,
"Savlon","(brand=Unknown)","(unit=litre)",,,
"Scentio Milk Treatment F.S","(brand=Unknown)","(unit=pcs)",,,
"Scissor","(brand=Unknown)","(unit=?)",,,
"Scrub","(brand=Milk Beauty)","(unit=pcs)",,,
"Scrub","(brand=Herbi)","(unit=pcs)","(attr=Whitening)",,
"Scrub","(brand=Unknown)","(unit=pcs)","(attr=Apricot)",,
"Scrub","(brand=Unknown)","(unit=???)","(attr=Legano Salt)",,
"Scrub","(brand=Young Chin)","(unit=pcs)",,,
"Scrub","(brand=Kusti)","(unit=pcs)",,,
"Seram","(brand=Xtenso Care)","(unit=???)",,,
"Serum","(brand=O3+)","(unit=pcs)","(attr=Whitening)",,
"Setting Clip","(brand=Unknown)","(unit=pcs)",,,
"Sha Veg Peel","(brand=Shahnaz Herbals)","(unit=pcs)",,,
"ShaBase","(brand=Shahnaz Herbals)","(unit=pcs)",,,
"ShaClove","(brand=Shahnaz Herbals)","(unit=pcs)",,,
"ShaFresh","(brand=Shahnaz Herbals)","(unit=pcs)",,,
"Shalife","(brand=Unknown)","(unit=pcs)",,,
"ShaMask 1","(brand=Shahnaz Herbals)","(unit=pcs)",,,
"Shampoo","(brand=Lolane)","(unit=pcs)",,,
"Shampoo","(brand=Dove)","(unit=pcs)",,,
"Shampoo","(brand=Pantine)","(unit=pcs)",,,
"Shampoo","(brand=Sun Silk)","(unit=pcs)",,,
"Shampoo","(brand=Head & Sholder)","(unit=pcs)",,,
"Shampoo","(brand=Rejoice)","(unit=pcs)",,,
"Shampoo","(brand=Garnier)","(unit=pcs)",,,
"Shampoo","(brand=Caring)","(unit=pcs)",,,
"Shampoo","(brand=Unknown)","(unit=ml)","(attr=Optimisers Post Color)","(attr=1500ml)",
"Shampoo","(brand=Xtenso Care)","(unit=???)",,,
"Shampoo","(brand=Unknown)","(unit=pcs)","(attr=Meni+Pedi)",,
"Shampoo","(brand=Unknown)","(unit=pcs)","(attr=After)","(attr=gold)",
"Shampoo","(brand=Biowmen)","(unit=pcs)","(attr=Extra)",,
"Shampoo","(brand=O'Trail)","(unit=pcs)",,,
"Shampoo Holder","(brand=Unknown)","(unit=pcs)",,,
"Shankha Powder","(brand=Unknown)","(unit=pkt)",,,
"Sharpner","(brand=Unknown)","(unit=pcs)",,,
"ShaTone","(brand=Shahnaz Herbals)","(unit=pcs)",,,
"ShaWeeds","(brand=Shahnaz Herbals)","(unit=pcs)",,,
"ShaZema","(brand=Shahnaz Herbals)","(unit=pcs)",,,
"Shimmer","(brand=Unknown)","(unit=pcs)",,,
"Shower Gel","(brand=Unknown)","(unit=pcs)",,,
"Silver Facial kit","(brand=Unknown)","(unit=pcs)",,,
"SKB Massge Tube","(brand=Unknown)","(unit=pcs)",,,
"Skin Food cream","(brand=Sara)","(unit=pcs)",,,
"Sleeping Mask","(brand=Mond Sub)","(unit=pcs)","(attr=Reunit&pairing)",,
"Sleeping Mask","(brand=Mond Sub)","(unit=pcs)","(attr=O Whitening)",,
"Sleeping Mask","(brand=Mond Sub)","(unit=pcs)","(attr=O Moisturising)",,
"Smart Fix Hair Gel","(brand=Unknown)","(unit=pcs)",,,
"Smooth Gel","(brand=TNT)","(unit=pcs)",,,
"Soak off Boll","(brand=TNT)","(unit=pot)",,,
"Soak off Formula","(brand=TNT)","(unit=pcs)",,,
"Soya Gel","(brand=Sara)","(unit=pcs)",,,
"Soya Powder","(brand=Unknown)","(unit=???)",,,
"Spa Body Massage Scrub","(brand=Unknown)","(unit=???)",,,
"Spa Dana Mask","(brand=Unknown)","(unit=pcs)",,,
"Spa Powder Mask","(brand=Unknown)","(unit=pcs)",,,
"Spa Scrub","(brand=Biowmen)","(unit=pcs)",,,
"Spa Scrub","(brand=Unknown)","(unit=pcs)",,,
"Spiral Roller","(brand=Unknown)","(unit=pcs)","(size=big)",,
"Spiral Roller","(brand=Unknown)","(unit=pcs)","(size=medium)",,
"Spiral Roller","(brand=Unknown)","(unit=pcs)","(size=small)",,
"Spoon","(brand=Unknown)","(unit=pkt)","(attr=1Time)",,
"Steaming & Hair Treatment","(brand=Dcash)","(unit=pcs)",,,
"Steel Bati","(brand=Unknown)","(unit=??)",,,
"Steel Tar brush","(brand=Unknown)","(unit=pcs)",,,
"Sterilizer","(brand=Unknown)","(unit=??)",,,
"Stone Tip","(brand=Unknown)","(unit=pata)",,,
"Stone Tip","(brand=Unknown)","(unit=???)","(attr=Multicolor)",,
"Super Glue","(brand=Unknown)","(unit=pcs)",,,
"Table Flower","(brand=Unknown)","(unit=??)",,,
"Table Spoon","(brand=Unknown)","(unit=???)",,,
"Talcom Powder","(brand=Unknown)","(unit=pcs)","(size=big)",,
"Talcom Powder","(brand=Unknown)","(unit=pcs)","(size=small)",,
"Talcom Powder","(brand=Unknown)","(unit=pkt)",,,
"Tarsel","(brand=Unknown)","(unit=???)",,,
"Tea Spoon","(brand=Unknown)","(unit=???)",,,
"Thai Natural Spa (p.o.k)","(brand=Unknown)","(unit=pcs)",,,
"Thai Spa Candel","(brand=Unknown)","(unit=box)",,,
"Threading Cotton","(brand=Unknown)","(unit=box)",,,
"Threading Powder","(brand=Unknown)","(unit=box)",,,
"Tibetan Footbath Granuls","(brand=Unknown)","(unit=pcs)",,,
"Tissue","(brand=Unknown)","(unit=pcs)",,,
"Tissue","(brand=Unknown)","(unit=box)","(size=Medium)",,
"Tissue Mask","(brand=Unknown)","(unit=box)",,,
"Toilet Cleaner","(brand=Herpic)","(unit=pcs)","(attr=Liquid)",,
"Toilet Cleaner","(brand=Herpic)","(unit=pcs)","(attr=Powder)",,
"Tonic","(brand=O3+)","(unit=pcs)","(attr=Whitening)",,
"Tonic","(brand=O3+)","(unit=pcs)","(attr=Seaweed Purifying)",,
"Tonic","(brand=Milk Therapy)","(unit=pcs)",,,
"Tool","(brand=Unknown)","(unit=???)","(size=big)",,
"Tool","(brand=Unknown)","(unit=???)","(size=small)",,
"Towel (Sabai Spa)","(brand=Unknown)"," (unit=??)",,,
"Towel Bag","(brand=Unknown)","(unit=?)",,,
"Towel Black","(brand=Unknown)","(unit=??)",,,
"Towel Green","(brand=Unknown)","(unit=??)","(attr=Plastic)",,
"Towel White","(brand=Unknown)","(unit=??)","(size=big)",,
"Treaming Machin","(brand=Unknown)","(unit=pcs)",,,
"Trolly","(brand=Unknown)","(unit=pcs)",,,
"Trolly","(brand=Unknown)","(unit=pcs)","(attr=Weist Cloth)",,
"Ultra Balance Shining","(brand=O'Trail)","(unit=pcs)",,,
"Uniform Cleaner","(brand=Unknown)","(unit=set)",,,
"Uniform Cloth of Executive (3 color)","(brand=Unknown)","(unit=yard)",,,
"Uniform Executive","(brand=Unknown)","(unit=set)",,,
"Uniform Manager","(brand=Unknown)","(unit=set)",,,
"UV Lamp","(brand=Unknown)","(unit=pcs)",,,
"V Cut Cutical","(brand=Unknown)","(unit=pcs)",,,
"Vaslin","(brand=Unknown)","(unit=pcs)",,,
"Vimbar","(brand=Vim)","(unit=pcs)",,,
"Vitamine E Capsul","(brand=Unknown)","(unit=pcs)",,,
"W. cleansing Foam","(brand=O3+)","(unit=pcs)",,,
"Wall Clock","(brand=Unknown)","(unit=???)",,,
"Wall Cloth","(brand=Unknown)","(unit=pcs)",,,
"Washing Powder","(brand=Wheel)","(unit=pkt/1kg)",,,
"Washing Powder","(brand=Rin)","(unit=pkt/1kg)",,,
"Washing Powder","(brand=Surf Excel)","(unit=pkt/1kg)",,,
"Washing Powder","(brand=Jet)","(unit=pkt/1kg)",,,
"Washing Wax Cleansen","(brand=Unknown)","(unit=pcs)",,,
"Water Spray Bottle","(brand=Unknown)","(unit=pcs)",,,
"Wax","(brand=Unknown)","(unit=pcs)","(attr=Roller)",,
"Wax Cloth","(brand=Unknown)","(unit=pcs)","(attr=Gince)",,
"Wax Knife","(brand=Unknown)","(unit=???)",,,
"Wax Paper","(brand=Unknown)","(unit=pcs)","(attr=1time)",,
"Wax Paper","(brand=Unknown)","(unit=pcs)","(attr=Roll)",,
"Wax Stick","(brand=Unknown)","(unit=???)","(attr=wood)",,
"Wax Warmer","(brand=Unknown)","(unit=pcs)",,,
"Wellaxon","(brand=Unknown)","(unit=pcs)","(attr=12%)",,
"Wellaxon","(brand=Unknown)","(unit=pcs)","(attr=9%)",,
"Wellaxon","(brand=Unknown)","(unit=pcs)","(attr=6%)",,
